{"cameraMode":{"drawMode":0,"name":"Shaded","section":"Shading Mode"},"sceneLighting":true,"audioPlay":false,"sceneViewState":{"showFog":true,"showMaterialUpdate":false,"showSkybox":true,"showFlares":true,"showImageEffects":true,"showParticleSystems":true},"in2DMode":false,"pivot":{"x":-1.4067630767822266,"y":1.4723315238952637,"z":0.6840189695358276},"rotation":{"x":0.1945214718580246,"y":0.33445867896080019,"z":-0.07076308131217957,"w":0.9193973541259766},"size":8.766927719116211,"orthographic":false}